Id,FirstName,LastName,Role
1,Marylee,Bilsland,Project Manager
2,Clerissa,Tungay,Project Manager
3,Heath,Brannon,Supervisor
4,Andi,O'Grada,Subcontractor
5,Noam,Skelington,Project Manager
6,Giovanna,Linner,Construction Expeditor
7,Danielle,Paroni,Construction Worker
8,Milton,Scrowby,Supervisor
9,Tobye,Prestland,Engineer
10,Otha,Bryant,Surveyor
11,Daryl,Schonfeld,Architect
12,Tomkin,Mardall,Supervisor
13,Lauritz,Andraud,Supervisor
14,Weylin,Melbert,Subcontractor
15,Scotti,Blachford,Construction Worker
16,Alexandre,Emloch,Engineer
17,Ola,Wathall,Project Manager
18,Cobb,Brocklebank,Project Manager
19,Honey,Skingle,Construction Foreman
20,Rahal,Fann,Construction Worker
21,Jillian,Friedman,Construction Manager
22,Ray,Poulgreen,Surveyor
23,Mina,Moncaster,Estimator
24,Cindi,Greser,Supervisor
25,Emmalynn,Duligal,Electrician
26,Rubin,MacPike,Engineer
27,Martelle,Helks,Construction Worker
28,Carley,Houlson,Construction Worker
29,Moshe,Wraggs,Supervisor
30,Rodrick,Laflin,Construction Manager
31,Brandy,Jerosch,Surveyor
32,Paton,Rollings,Engineer
33,Ailene,Blum,Electrician
34,Jacinthe,Sheldon,Subcontractor
35,Brenn,Swedeland,Construction Manager
36,Shermy,Bemand,Construction Foreman
37,Nickolas,Reddington,Architect
38,D'arcy,Cranage,Construction Foreman
39,Carlin,Symmons,Subcontractor
40,Demetre,Viant,Engineer
41,Francesco,Stanley,Engineer
42,Dane,Passo,Subcontractor
43,Marcelo,Dionsetto,Construction Manager
44,Tersina,Heinssen,Project Manager
45,Falkner,Nunson,Project Manager
46,Irma,Gonoude,Subcontractor
47,Gustie,Freda,Surveyor
48,Myrilla,Dodle,Engineer
49,Pierson,Perfili,Project Manager
50,Corilla,Vynehall,Construction Manager
51,Marrilee,Limer,Subcontractor
52,Darill,Hale,Estimator
53,Brand,Teresa,Supervisor
54,Rasla,Yanyushkin,Construction Worker
55,Orsa,Glison,Supervisor
56,Rayner,Johannes,Estimator
57,Alexei,Hendren,Architect
58,Kelvin,Strange,Supervisor
59,Beverie,Anthonies,Estimator
60,Delbert,Adrianello,Electrician
61,Lea,Crossley,Construction Worker
62,Debora,Attrey,Electrician
63,Truman,Hindrich,Construction Manager
64,Kit,Condliffe,Estimator
65,Marissa,Jeays,Subcontractor
66,Adorne,Billsberry,Surveyor
67,Noelle,Babinski,Estimator
68,Gaelan,Chene,Supervisor
69,Robinia,Sollars,Supervisor
70,Barbette,Osmant,Estimator
71,Reuben,Martyns,Construction Manager
72,Bronny,Harmeston,Construction Worker
73,Blair,Andrzejowski,Subcontractor
74,Drusie,Gilhoolie,Estimator
75,Geno,Crook,Architect
76,Travus,Meritt,Construction Foreman
77,Melisent,Desseine,Engineer
78,Georgetta,Somerton,Supervisor
79,Bax,Croxford,Estimator
80,Leif,Mc Pake,Engineer
81,Natal,Wardhaw,Construction Worker
82,Noemi,De Ath,Construction Foreman
83,Tina,Grinston,Construction Expeditor
84,Ana,Giacomucci,Electrician
85,Husein,Cappineer,Construction Expeditor
86,Ruperta,Fleisch,Supervisor
87,Guglielma,Hemphrey,Construction Manager
88,Tanny,Aspden,Surveyor
89,Vannie,Banisch,Construction Manager
90,Bat,Leathem,Construction Manager
91,Mohammed,Pirdy,Construction Manager
92,Gerek,Hatherleigh,Construction Expeditor
93,Brock,Denyer,Construction Worker
94,Charlot,Kubacek,Subcontractor
95,Bert,Elby,Construction Manager
96,Celie,Udy,Subcontractor
97,Clayborne,Kiss,Construction Expeditor
98,Petr,Twelve,Surveyor
99,Obadias,Ashlee,Supervisor
100,Bonita,Iacavone,Subcontractor
